{
  "train_loss": [
    0.5049370894461154,
    0.49575747049120783,
    0.49009900146635305,
    0.4855252393732442,
    0.4806974031176603,
    0.47415429123948155,
    0.46562075778703765,
    0.45575124502889236,
    0.44203718975935496,
    0.42451409747818836
  ],
  "val_loss": [
    0.5036458281772601,
    0.5007124214012182,
    0.5027723863448198,
    0.49809006940574385,
    0.4984736652504564,
    0.49941190256155593,
    0.5041275494049055,
    0.5158431861866205,
    0.5175400369297026,
    0.5196133619951825
  ],
  "val_accuracy": [
    0.5815993983454499,
    0.5918776635748307,
    0.6111807470543996,
    0.5871145650538983,
    0.5607921784908498,
    0.5788418149912259,
    0.5818500877412885,
    0.6054148909501128,
    0.5780897468037102,
    0.5655552770117824
  ],
  "learning_rate": [
    0.0003,
    0.0003,
    0.0003,
    0.0003,
    0.0003,
    0.0003,
    0.0003,
    0.0003,
    0.0003,
    0.00015
  ],
  "val_f1": [
    0.6265383754754978,
    0.6439195100612424,
    0.6869828456104945,
    0.6252559726962458,
    0.5586901763224181,
    0.6074766355140186,
    0.6260089686098654,
    0.6855773072313224,
    0.6212018906144497,
    0.5951880401775286
  ],
  "val_auc": [
    0.6245532394413976,
    0.6318694322225209,
    0.6331634013326358,
    0.6350675832181814,
    0.6358455548152613,
    0.6347442565792996,
    0.6284146075795185,
    0.6297410418644392,
    0.6264363520910488,
    0.6191163164933159
  ]
}