{
  "train_loss": [
    0.6815838732948579,
    0.6619564725271254,
    0.6528476503352102,
    0.6437732086439051,
    0.6323076124015492
  ],
  "val_loss": [
    0.6691588241965682,
    0.663818357873846,
    0.6628070367707146,
    0.6629228453282957,
    0.6629149566756355
  ],
  "val_accuracy": [
    0.597037037037037,
    0.5955555555555555,
    0.597037037037037,
    0.5985185185185186,
    0.6037037037037037
  ],
  "learning_rate": [
    0.0003,
    0.0003,
    0.0003,
    0.0003,
    0.0003
  ],
  "val_f1": [
    0.5668789808917197,
    0.58,
    0.5952380952380952,
    0.6055312954876274,
    0.6022304832713755
  ],
  "val_auc": [
    0.6266932550907462,
    0.6337803292513661,
    0.6362290704007589,
    0.6369999297222271,
    0.6381463358926156
  ]
}