{
  "linear": {
    "epoch": 9,
    "val_loss": 0.6668144468024925,
    "accuracy": 0.5933333333333334,
    "f1": 0.5869074492099323,
    "auc": 0.6329743310434491
  },
  "mlp": {
    "epoch": 4,
    "val_loss": 0.6622052794032627,
    "accuracy": 0.6037037037037037,
    "f1": 0.5943896891584534,
    "auc": 0.641408761881336
  },
  "linear_params": 24768,
  "mlp_params": 172608
}