{
  "MF Router (current)": {
    "best_epoch": 8,
    "val_loss": 0.6333165583110866,
    "train_loss": 0.6063514745717221,
    "accuracy": 0.6344948608673853,
    "f1": 0.7367280606717227,
    "auc": 0.6440893240194059,
    "params": 639936
  },
  "Direct Classifier (256)": {
    "best_epoch": 5,
    "val_loss": 0.6347654983195843,
    "train_loss": 0.6165690506991778,
    "accuracy": 0.6415141639508649,
    "f1": 0.7532781228433403,
    "auc": 0.6378136069630778,
    "params": 262913
  },
  "Deep Classifier (256\u2192128\u219264)": {
    "best_epoch": 6,
    "val_loss": 0.6364105689432962,
    "train_loss": 0.6077240208256256,
    "accuracy": 0.6390072699924794,
    "f1": 0.7456729070999647,
    "auc": 0.6382616263753971,
    "params": 238081
  }
}