{
  "64": {
    "epoch": 4,
    "val_loss": 0.6354111632059977,
    "accuracy": 0.6327400350965154,
    "f1": 0.7470212398549473,
    "auc": 0.6397468087395721,
    "params": 639936
  },
  "128": {
    "epoch": 3,
    "val_loss": 0.6377242701966293,
    "accuracy": 0.6372524442216094,
    "f1": 0.7613392709879597,
    "auc": 0.639127717732664,
    "params": 689280
  },
  "256": {
    "epoch": 4,
    "val_loss": 0.6336634068687508,
    "accuracy": 0.639759338179995,
    "f1": 0.749083289680461,
    "auc": 0.6437019946073357,
    "params": 787968
  }
}