{
  "train_loss": [
    0.504858606141168,
    0.49345467398433146,
    0.4854982571741587,
    0.47513604235593326,
    0.4602342372267265,
    0.43844167388664546,
    0.4066227513855687,
    0.37021460090842856,
    0.31628873570082966,
    0.28789702256974364
  ],
  "val_loss": [
    0.5019548568369363,
    0.4986937349677594,
    0.5003358809444115,
    0.4992445365591855,
    0.5037202268472797,
    0.5113102296564805,
    0.5278824015977419,
    0.5549059391738956,
    0.5819851372079999,
    0.6076752956901526
  ],
  "val_accuracy": [
    0.5926297317623465,
    0.6006517924291802,
    0.6129355728252694,
    0.5963900726999248,
    0.5891200802206067,
    0.5856104286788669,
    0.5868638756580596,
    0.5938831787415393,
    0.5826021559288043,
    0.6004011030333417
  ],
  "learning_rate": [
    0.0003,
    0.0003,
    0.0003,
    0.0003,
    0.0003,
    0.0003,
    0.0003,
    0.00015,
    0.00015,
    0.00015
  ],
  "val_f1": [
    0.6465085925603654,
    0.6516509949704788,
    0.6791354945968412,
    0.65,
    0.6304396843291995,
    0.6299529885829416,
    0.6336149399733215,
    0.6493506493506493,
    0.6395323663130548,
    0.6676396997497915
  ],
  "val_auc": [
    0.6275678628162175,
    0.6361342961046561,
    0.6384480692364244,
    0.6379759328371064,
    0.6357516045747009,
    0.6328504105453248,
    0.628271495788538,
    0.6280914134515543,
    0.6167336376844088,
    0.6236406367520619
  ]
}